{
    "data":{
        "index":{
            "itemSize":1,
            "type":"Uint16Array",
            "array":[0,1,2,3,4,5,6,7,8,9,10,11,12,13,14,15,16,17,18,19,20,21,22,23,24,25,26,27,28,29,30,31,32,33,34,35,36,37,38,39,40,41,42,43,44,45,46,47,48,49,50,51,52,53,54,55,56,57,58,59,60,61,62,63,64,65,66,67,68,69,70,71,72,73,74,75,76,77,78,79,80,81,82,83,84,85,86,87,88,89,90,91,92,93,94,95,96,97,98,99,100,101,102,103,104,105,106,107,108,109,110,111,112,113,114,115,116,117,118,119,120,121,122,15,123,16,18,124,19,125,126,127,128,129,130,131,132,133,134,135,136,137,138,139,140,141,142,36,143,144,145,146,147,36,144,37,148,149,150,151,152,153,154,155,156,157,151,153,158,159,160,161,162,163,164,165,166,167,168,169,170,171,172,173,174,175,176,177,178,179,180,181,182,183,184,185,186,187,188,189,190,191,192,193,194,195,196,197,198,199,200,201,202,203,204,205,206,207,208,209,210,211,212,213,214,215,216,217,218,219,220,221,222,223,224,225,226,68,227,66,228,229,230,231,232,233,234,235,236,235,237,236,238,239,240,241,242,243,244,245,246,247,248,249,250,251,252,253,254,255,256,257,258,259,260,261,262,263,264,265,266,267,268,269,270,271,272,273,90,274,91,275,276,277,278,279,280,281,282,283,284,285,286,287,288,289,290,291,292,293,294,295]
        },
        "attributes":{
            "uv":{
                "itemSize":2,
                "type":"Float32Array",
                "array":[0,0,0,0,0,0,0,0,0,0,0,0,0,0,0,0,0,0,0,0,0,0,0,0,0,0,0,0,0,0,0,0,0,0,0,0,0,0,0,0,0,0,0,0,0,0,0,0,0,0,0,0,0,0,0,0,0,0,0,0,0,0,0,0,0,0,0,0,0,0,0,0,0,0,0.0500001,0.95,0,1,1,0,0.95,0.95,0.95,0.0499999,0.95,0.95,0.95,0.0499998,1,0,0,0,0.05,0.95,0,1,0,0,0.95,0.0499997,0.05,0.0499999,0,0,0.0499999,0.0500004,0,1,0.95,0.95,1,0,1,1,0.95,0.95,0.95,0.0499996,1,0,0,0,0,0,0,0,0,0,0,0,0,0,0.05,0.95,0,1,0,0,0,1,0,0,0.0499998,0.95,0,0,0,0,0,0,0,0,0,0,0,0,0.275,0.0499998,0,0,1,0,0.95,0.05,1,0,1,1,0,0,0,0,0,0,0,0,0,0,0,0,0,0,0,0,0,0,0,0,0,0,0,0,0,0,0,0,0,0,0,0,0,0,0,0,0,0,0,0,0,0,0,0,0,0,0,0,0,0,0,0,0,0,0,0,0,0,0,0,0,0,0,0,0,0,0,0,0,0,0,0,0,0,0,0,0,0,0,0,0,0,0,0,0,0,0,0,0,0,0,0,0,0,0,0,0,0,0,0,0,0,0,0,0,0,0,0,0,0,0,0,0,0,0,0,0,0,0.275,0.0499998,0.0500002,0.0499998,0.0500001,0.95,0.95,0.95,1,1,0.0500001,0.95,1,1,0,1,0.0500002,0.0499998,0,0,1,0,1,0,1,1,0.95,0.95,0.95,0.0499999,0.0499999,0.0499998,0,0,1,0,1,1,0,1,0.275,0.95,1,1,0.275,0.95,0.95,0.95,0.95,0.0499998,0.0499999,0.0499998,1,0,1,1,0.95,0.95,1,0,0,0,1,0,0.725,0.0499996,0,0,0.725,0.0499996,0.05,0.05,0.95,0.95,1,1,0.05,0.95,1,1,0,1,0.05,0.95,0,0,0.05,0.05,0.05,0.95,0,0,1,0,0.95,0.0499997,0.05,0.0499999,0.05,0.95,0,0,0.05,0.95,0,1,0,0,0,0,1,0,0.725,0.05,0.0499999,0.0500004,0.0499999,0.95,0,1,0,0,0.725,0.05,0.0499999,0.0500004,1,1,0,1,0.05,0.95,0.95,0.95,0.95,0.0499997,1,0,1,1,0.05,0.95,0.95,0.95,1,0,1,1,0.95,0.95,0.95,0.0499996,0.725,0.0499996,1,0,0,0,0,0,0,0,0,0,0,0,0,0,0.0499999,0.0499998,0.05,0.95,0.275,0.95,0,1,0,0,0.0500002,0.0499998,0.0499998,0.95,0.0499998,0.95,0.95,0.95,0,1,1,1,0,0,0,0,0,0,0,0,0,0,0,0,1,0,1,1,0.95,0.0500003,1,1,0.95,0.95,0.95,0.0500003,0.95,0.0500003,0.275,0.0499998,1,0,1,1,0,1,0.95,0.95,0,1,0.0499999,0.95,0.95,0.95,0.95,0.05,0.725,0.05,1,0,1,1,0.95,0.95,0.95,0.05,0,0,0,0,0,0,0,0,0,0,0,0,0,0,0,0,0,0,0,0,0,0,0,0,0,0,0,0,0,0,0,0,0,0,0,0,0,0,0,0,0,0,0,0,0,0,0,0,0,0,0,0,0,0,0,0,0,0,0,0,0,0]
            },
            "normal":{
                "itemSize":3,
                "type":"Float32Array",
                "array":[-2.6491e-07,-1.19209e-06,1,-2.6491e-07,-1.19209e-06,1,-2.6491e-07,-1.19209e-06,1,3.94746e-14,1,-6.62274e-08,3.94746e-14,1,-6.62274e-08,3.94746e-14,1,-6.62274e-08,-7.89492e-14,-1,6.62274e-08,-7.89492e-14,-1,6.62274e-08,-7.89492e-14,-1,6.62274e-08,5.96046e-07,2.31796e-07,-1,5.96046e-07,2.31796e-07,-1,5.96046e-07,2.31796e-07,-1,-1.19209e-06,-1.65568e-07,1,-1.19209e-06,-1.65568e-07,1,-1.19209e-06,-1.65568e-07,1,0,1,-0,0,1,-0,0,1,-0,-0,-1,0,-0,-1,0,-0,-1,0,-1,-3.97362e-07,-2.38418e-06,-1,-3.97362e-07,-2.38418e-06,-1,-3.97362e-07,-2.38418e-06,1,9.93411e-08,5.96047e-07,1,9.93411e-08,5.96047e-07,1,9.93411e-08,5.96047e-07,-1,5.96048e-07,-3.94747e-14,-1,5.96048e-07,-3.94747e-14,-1,5.96048e-07,-3.94747e-14,9.93411e-08,1.1921e-06,-1,9.93411e-08,1.1921e-06,-1,9.93411e-08,1.1921e-06,-1,1,5.96048e-07,2.31796e-07,1,5.96048e-07,2.31796e-07,1,5.96048e-07,2.31796e-07,0,-1,0,0,-1,0,0,-1,0,3.31135e-08,1,-3.31137e-08,3.31135e-08,1,-3.31137e-08,3.31135e-08,1,-3.31137e-08,1,5.96045e-07,5.96046e-07,1,5.96045e-07,5.96046e-07,1,5.96045e-07,5.96046e-07,-5.96046e-08,5.96049e-08,1,-5.96046e-08,5.96049e-08,1,-5.96046e-08,5.96049e-08,1,-1,-1.32455e-07,-1.32455e-07,-1,-1.32455e-07,-1.32455e-07,-1,-1.32455e-07,-1.32455e-07,2.38419e-07,3.57627e-07,-1,2.38419e-07,3.57627e-07,-1,2.38419e-07,3.57627e-07,-1,-1,-2.08617e-07,-2.08616e-07,-1,-2.08617e-07,-2.08616e-07,-1,-2.08617e-07,-2.08616e-07,-5.62933e-07,5.6293e-07,1,-5.62933e-07,5.6293e-07,1,-5.62933e-07,5.6293e-07,1,-1.57899e-13,-1,6.62274e-08,-1.57899e-13,-1,6.62274e-08,-1.57899e-13,-1,6.62274e-08,3.94746e-14,1,-6.62274e-08,3.94746e-14,1,-6.62274e-08,3.94746e-14,1,-6.62274e-08,1,-0,0,1,-0,0,1,-0,0,2.98026e-08,1,-2.98023e-08,2.98026e-08,1,-2.98023e-08,2.98026e-08,1,-2.98023e-08,1,5.96047e-07,1.98682e-07,1,5.96047e-07,1.98682e-07,1,5.96047e-07,1.98682e-07,3.64251e-07,1.19209e-06,-1,3.64251e-07,1.19209e-06,-1,3.64251e-07,1.19209e-06,-1,1.63913e-07,-1,2.98023e-08,1.63913e-07,-1,2.98023e-08,1.63913e-07,-1,2.98023e-08,2.38419e-07,2.38419e-07,-1,2.38419e-07,2.38419e-07,-1,2.38419e-07,2.38419e-07,-1,1.78815e-06,-1.32454e-07,-1,1.78815e-06,-1.32454e-07,-1,1.78815e-06,-1.32454e-07,-1,1,9.93413e-08,1.19209e-06,1,9.93413e-08,1.19209e-06,1,9.93413e-08,1.19209e-06,-0,-1,0,-0,-1,0,-0,-1,0,-1.98682e-07,-5.96048e-07,1,-1.98682e-07,-5.96048e-07,1,-1.98682e-07,-5.96048e-07,1,-1,5.96047e-07,0,-1,5.96047e-07,0,-1,5.96047e-07,0,-1.19209e-06,-1.32454e-07,1,-1.19209e-06,-1.32454e-07,1,-1.19209e-06,-1.32454e-07,1,-1,-3.53212e-07,-2.3842e-06,-1,-3.53212e-07,-2.3842e-06,-1,-3.53212e-07,-2.3842e-06,-3.31137e-08,1,0,-3.31137e-08,1,0,-3.31137e-08,1,0,-2.31796e-07,-5.96047e-07,1,-2.31796e-07,-5.96047e-07,1,-2.31796e-07,-5.96047e-07,1,3.94748e-14,1,-6.62274e-08,3.94748e-14,1,-6.62274e-08,3.94748e-14,1,-6.62274e-08,-1.18424e-13,-1,6.62274e-08,-1.18424e-13,-1,6.62274e-08,-1.18424e-13,-1,6.62274e-08,1.78814e-06,1.65569e-07,-1,1.78814e-06,1.65569e-07,-1,1.78814e-06,1.65569e-07,-1,-5.96049e-07,-1.32455e-07,1,-5.96049e-07,-1.32455e-07,1,-5.96049e-07,-1.32455e-07,1,0,1,0,0,-1,0,-1,2.31796e-07,4.47037e-07,-1,2.31796e-07,4.47037e-07,-1,2.31796e-07,4.47037e-07,-1,2.6491e-07,0,-1,2.6491e-07,0,-1,2.6491e-07,0,1,9.93409e-08,5.96045e-07,1,9.93409e-08,5.96045e-07,1,9.93409e-08,5.96045e-07,-1,-1.1921e-06,-9.9341e-08,-1,-1.1921e-06,-9.9341e-08,-1,-1.1921e-06,-9.9341e-08,1.98682e-07,-5.96048e-07,-1,1.98682e-07,-5.96048e-07,-1,1.98682e-07,-5.96048e-07,-1,1,5.96048e-07,2.31796e-07,1,5.96048e-07,2.31796e-07,1,5.96048e-07,2.31796e-07,0,-1,0,0,-1,0,3.31138e-08,-1,3.31137e-08,3.31138e-08,-1,3.31137e-08,3.31138e-08,-1,3.31137e-08,-2.98025e-08,-1,2.98023e-08,-2.98025e-08,-1,2.98023e-08,-2.98025e-08,-1,2.98023e-08,0,1,-0,0,1,-0,0,1,-0,-2.98022e-08,1,-2.98023e-08,-2.98022e-08,1,-2.98023e-08,-2.98022e-08,1,-2.98023e-08,0,1,-0,1,-2.38419e-07,2.38419e-07,1,-2.38419e-07,2.38419e-07,1,-2.38419e-07,2.38419e-07,1,3.27825e-07,6.10945e-07,1,3.27825e-07,6.10945e-07,1,3.27825e-07,6.10945e-07,1,3.53213e-07,2.42833e-07,1,3.53213e-07,2.42833e-07,1,3.53213e-07,2.42833e-07,1,-2.64909e-07,-2.6491e-07,1,-2.64909e-07,-2.6491e-07,1,-2.64909e-07,-2.6491e-07,1,2.97979e-08,5.66244e-07,1,2.97979e-08,5.66244e-07,1,2.97979e-08,5.66244e-07,-7.45061e-07,-2.98023e-07,1,-7.45061e-07,-2.98023e-07,1,-7.45061e-07,-2.98023e-07,1,-2.64909e-07,-2.6491e-07,1,-2.64909e-07,-2.6491e-07,1,-2.64909e-07,-2.6491e-07,1,1.65567e-07,1.65568e-07,1,1.65567e-07,1.65568e-07,1,1.65567e-07,1.65568e-07,1,-1.49011e-07,1.49012e-07,1,-1.49011e-07,1.49012e-07,1,-1.49011e-07,1.49012e-07,1,-6.62274e-08,-6.62274e-08,1,-6.62274e-08,-6.62274e-08,1,-6.62274e-08,-6.62274e-08,1,-1,-1.19209e-07,1.1921e-07,-1,-1.19209e-07,